"printBooks","2021.05.07.13.31.43"
"printBooks","2021.05.07.13.37.10"
"printBooks","2021.05.07.13.50.22"
"printBooks","2021.05.07.13.58.29"
"printBooks","2021.05.07.14.00.58"
"printBooks","2021.05.07.14.02.07"
"addBook","2021.05.07.14.06.54"
"addBook","2021.05.07.14.06.54"
"addBook","2021.05.07.14.06.54"
"printBooks","2021.05.07.14.06.57"
"addBook","2021.05.07.14.31.29"
"addBook","2021.05.07.14.31.29"
"addBook","2021.05.07.14.31.29"
"addBook","2021.05.07.18.54.53"
"addBook","2021.05.07.18.54.53"
"addBook","2021.05.07.18.54.53"
"addUser","2021.05.07.18.54.53"
"addUser","2021.05.07.18.54.53"
"addUser","2021.05.07.18.54.53"
"addUser","2021.05.07.18.54.53"
"printBooks","2021.05.07.18.54.57"
"addBook","2021.05.07.18.59.44"
"addBook","2021.05.07.18.59.44"
"addBook","2021.05.07.18.59.44"
"addUser","2021.05.07.18.59.44"
"addUser","2021.05.07.18.59.44"
"addUser","2021.05.07.18.59.44"
"addUser","2021.05.07.18.59.44"
"printBooks","2021.05.07.18.59.48"
"addBook","2021.05.07.19.33.09"
"addBook","2021.05.07.19.33.09"
"addBook","2021.05.07.19.33.09"
"addUser","2021.05.07.19.33.09"
"addUser","2021.05.07.19.33.09"
"addUser","2021.05.07.19.33.09"
"addUser","2021.05.07.19.33.09"
"printBooks","2021.05.07.19.33.14"
"addBook","2021.05.07.19.34.37"
"addBook","2021.05.07.19.34.37"
"addBook","2021.05.07.19.34.37"
"addUser","2021.05.07.19.34.37"
"addUser","2021.05.07.19.34.37"
"addUser","2021.05.07.19.34.37"
"addUser","2021.05.07.19.34.37"
"printBooks","2021.05.07.19.34.41"
